Country,Medal,Name,Sport,Event,Date
Australia,Gold,Ariarne Titmus,Swimming,Women's 400 m freestyle,7/27/2024
Australia,Silver,Ariarne Titmus,Swimming,Women's 200 m freestyle,7/29/2024
Australia,Silver,Ariarne Titmus,Swimming,Women's 800 m freestyle,8/3/2024
Australia,Gold,Arisa Trew,Skateboarding,Women's park,8/6/2024
Australia,Gold,"Bronte Campbell
Meg Harris
Shayna Jack
Emma McKeon
Mollie O'Callaghan
Olivia Wunsch",Swimming,Women's 4 × 100 m freestyle relay,7/27/2024
Australia,Gold,"Bronte Campbell
Meg Harris
Shayna Jack
Emma McKeon
Mollie O'Callaghan
Olivia Wunsch",Swimming,Women's 4 × 200 m freestyle relay,8/1/2024
Australia,Gold,"Bronte Campbell
Meg Harris
Shayna Jack
Emma McKeon
Mollie O'Callaghan
Olivia Wunsch",Tennis,Men's doubles,8/3/2024
Australia,Gold,"Bronte Campbell
Meg Harris
Shayna Jack
Emma McKeon
Mollie O'Callaghan
Olivia Wunsch",Cycling,Men's team pursuit,8/7/2024
Australia,Silver,"Bronte Campbell
Meg Harris
Shayna Jack
Emma McKeon
Mollie O'Callaghan
Olivia Wunsch",Swimming,Men's 4 × 100 m freestyle relay,7/27/2024
Australia,Silver,"Bronte Campbell
Meg Harris
Shayna Jack
Emma McKeon
Mollie O'Callaghan
Olivia Wunsch",Swimming,Women's 4 × 100 m medley relay,8/4/2024
Australia,Silver,"Bronte Campbell
Meg Harris
Shayna Jack
Emma McKeon
Mollie O'Callaghan
Olivia Wunsch",Canoeing,Men's K-4 500 m,8/8/2024
Australia,Silver,"Bronte Campbell
Meg Harris
Shayna Jack
Emma McKeon
Mollie O'Callaghan
Olivia Wunsch",Water polo,Women's tournament,8/10/2024
Australia,Bronze,"Bronte Campbell
Meg Harris
Shayna Jack
Emma McKeon
Mollie O'Callaghan
Olivia Wunsch",Swimming,Men's 4 × 200 m freestyle relay,7/30/2024
Australia,Bronze,"Bronte Campbell
Meg Harris
Shayna Jack
Emma McKeon
Mollie O'Callaghan
Olivia Wunsch",Rowing,Women's pair,8/2/2024
Australia,Bronze,"Bronte Campbell
Meg Harris
Shayna Jack
Emma McKeon
Mollie O'Callaghan
Olivia Wunsch",Swimming,Mixed 4 × 100 m medley relay,8/3/2024
Australia,Bronze,"Bronte Campbell
Meg Harris
Shayna Jack
Emma McKeon
Mollie O'Callaghan
Olivia Wunsch",Cycling,Men's team sprint,8/6/2024
Australia,Bronze,"Bronte Campbell
Meg Harris
Shayna Jack
Emma McKeon
Mollie O'Callaghan
Olivia Wunsch",Athletics,Mixed marathon walk relay,8/7/2024
Australia,Bronze,"Bronte Campbell
Meg Harris
Shayna Jack
Emma McKeon
Mollie O'Callaghan
Olivia Wunsch",Canoeing,Men's K-2 500 m,8/9/2024
Australia,Bronze,"Bronte Campbell
Meg Harris
Shayna Jack
Emma McKeon
Mollie O'Callaghan
Olivia Wunsch",Basketball,Women's tournament,8/11/2024
Australia,Bronze,Caitlin Parker,Boxing,Women's 75 kg,8/8/2024
Australia,Gold,Cameron McEvoy,Swimming,Men's 50 m freestyle,8/2/2024
Australia,Bronze,Charlie Senior,Boxing,Men's 57 kg,8/8/2024
Australia,Silver,Chris Burton,Equestrian,Individual eventing,7/29/2024
Australia,Bronze,Eleanor Patterson,Athletics,Women's high jump,8/4/2024
Australia,Silver,Elijah Winnington,Swimming,Men's 400 m freestyle,7/27/2024
Australia,Gold,Grace Brown,Cycling,Women's road time trial,7/27/2024
Australia,Silver,Grae Morris,Sailing,Men's iQFoil,8/3/2024
Australia,Silver,Jack Robinson,Surfing,Men's shortboard,8/6/2024
Australia,Bronze,Jemima Montag,Athletics,Women's 20 km walk,8/1/2024
Australia,Gold,Jessica Fox,Canoeing,Women's slalom K-1,7/28/2024
Australia,Gold,Jessica Fox,Canoeing,Women's slalom C-1,7/31/2024
Australia,Silver,Jessica Hull,Athletics,Women's 1500 m,8/10/2024
Australia,Gold,Kaylee McKeown,Swimming,Women's 100 m backstroke,7/30/2024
Australia,Gold,Kaylee McKeown,Swimming,Women's 200 m backstroke,8/2/2024
Australia,Bronze,Kaylee McKeown,Swimming,Women's 200 m individual medley,8/3/2024
Australia,Gold,Keegan Palmer,Skateboarding,Men's park,8/7/2024
Australia,Silver,Kyle Chalmers,Swimming,Men's 100 m freestyle,7/31/2024
Australia,Silver,Maddison Keeney,Diving,Women's 3 m springboard,8/9/2024
Australia,Bronze,Matthew Denny,Athletics,Men's discus throw,8/7/2024
Australia,Bronze,Matthew Glaetzer,Cycling,Men's keirin,8/11/2024
Australia,Silver,Matthew Richardson,Cycling,Men's sprint,8/9/2024
Australia,Silver,Matthew Richardson,Cycling,Men's keirin,8/11/2024
Australia,Gold,Matthew Wearn,Sailing,Men's Laser,8/7/2024
Australia,Silver,Meg Harris,Swimming,Women's 50 m freestyle,8/4/2024
Australia,Silver,Moesha Johnson,Swimming,Women's marathon 10km,8/8/2024
Australia,Gold,Mollie O'Callaghan,Swimming,Women's 200 m freestyle,7/29/2024
Australia,Bronze,Natalya Diehm,Cycling,Women's BMX freestyle,7/31/2024
Australia,Silver,Nicola Olyslagers,Athletics,Women's high jump,8/4/2024
Australia,Gold,Nina Kennedy,Athletics,Women's pole vault,8/7/2024
Australia,Gold,Noemie Fox,Canoeing,Women's kayak cross,8/5/2024
Australia,Bronze,Penny Smith,Shooting,Women's trap,7/31/2024
Australia,Gold,Saya Sakakibara,Cycling,Women's BMX racing,8/2/2024
Australia,Silver,Zac Stubblety-Cook,Swimming,Men's 200 m breaststroke,7/31/2024
Belgium,Silver,Bashir Abdi,Athletics,Men's marathon,8/10/2024
Belgium,Bronze,Fabio Van den Bossche,Cycling,Men's omnium,8/8/2024
Belgium,Bronze,Gabriella Willems,Judo,Women's 70 kg,7/31/2024
Belgium,Bronze,Lotte Kopecky,Cycling,Women's road race,8/4/2024
Belgium,Gold,Nafissatou Thiam,Athletics,Women's heptathlon,8/9/2024
Belgium,Bronze,Noor Vidts,Athletics,Women's heptathlon,8/9/2024
Belgium,Gold,Remco Evenepoel,Cycling,Men's road time trial,7/27/2024
Belgium,Gold,Remco Evenepoel,Cycling,Men's road race,8/3/2024
Belgium,Bronze,Sarah Chaâri,Taekwondo,Women's 67 kg,8/9/2024
Belgium,Bronze,Wout van Aert,Cycling,Men's road time trial,7/27/2024
China,,Cao Liguo,Wrestling,Men's Greco-Roman 60 kg,8/6/2024
China,,Cao Yuan,Diving,Men's 10 m platform,8/10/2024
China,,Chang Yani,Diving,Women's 3 m springboard,8/9/2024
China,,Chang Yuan,Boxing,Women's 54 kg,8/8/2024
China,,Chen Meng,Table tennis,Women's singles,8/3/2024
China,,Chen Yiwen,Diving,Women's 3 m springboard,8/9/2024
China,,Chen Yuxi,Diving,Women's 10 m platform,8/6/2024
China,,Deng Lijuan,Sport climbing,Women's speed,8/7/2024
China,,Deng Yawen,Cycling,Women's BMX freestyle,7/31/2024
China,,Fan Zhendong,Table tennis,Men's singles,8/4/2024
China,,Feng Bin,Athletics,Women's discus throw,8/5/2024
China,,Feng Ziqi,Wrestling,Women's freestyle 50 kg,8/7/2024
China,,Guo Qing,Taekwondo,Women's 49 kg,8/7/2024
China,,He Bingjiao,Badminton,Women's singles,8/5/2024
China,,Hong Kexin,Wrestling,Women's freestyle 57 kg,8/9/2024
China,,Hou Zhihui,Weightlifting,Women's 49 kg,8/7/2024
China,,Huang Yuting,Shooting,Women's 10 m air rifle,7/29/2024
China,,"Huang Yuting
Sheng Lihao",Shooting,Mixed 10 m air rifle team,7/27/2024
China,,"Huang Yuting
Sheng Lihao",Diving,Women's synchronized 3 m springboard,7/27/2024
China,,"Huang Yuting
Sheng Lihao",Diving,Men's synchronized 10 m platform,7/29/2024
China,,"Huang Yuting
Sheng Lihao",Table tennis,Mixed doubles,7/30/2024
China,,"Huang Yuting
Sheng Lihao",Diving,Women's synchronized 10 m platform,7/31/2024
China,,"Huang Yuting
Sheng Lihao",Diving,Men's synchronized 3 m springboard,8/2/2024
China,,"Huang Yuting
Sheng Lihao",Badminton,Mixed doubles,8/2/2024
China,,"Huang Yuting
Sheng Lihao",Badminton,Women's doubles,8/3/2024
China,,"Huang Yuting
Sheng Lihao",Swimming,Men's 4 × 100 m medley relay,8/4/2024
China,,"Huang Yuting
Sheng Lihao",Artistic swimming,Team event,8/7/2024
China,,"Huang Yuting
Sheng Lihao",Canoeing,Women's C-2 500 m,8/9/2024
China,,"Huang Yuting
Sheng Lihao",Table tennis,Men's team,8/9/2024
China,,"Huang Yuting
Sheng Lihao",Gymnastics,Women's rhythmic group all-around,8/10/2024
China,,"Huang Yuting
Sheng Lihao",Table tennis,Women's team,8/10/2024
China,,"Huang Yuting
Sheng Lihao",Artistic swimming,Duet,8/10/2024
China,,"Huang Yuting
Sheng Lihao",Archery,Women's team,7/28/2024
China,,"Huang Yuting
Sheng Lihao",Gymnastics,Men's artistic team all-around,7/29/2024
China,,"Huang Yuting
Sheng Lihao",Tennis,Mixed doubles,8/2/2024
China,,"Huang Yuting
Sheng Lihao",Badminton,Women's doubles,8/3/2024
China,,"Huang Yuting
Sheng Lihao",Swimming,Mixed 4 × 100 m medley relay,8/3/2024
China,,"Huang Yuting
Sheng Lihao",Badminton,Men's doubles,8/4/2024
China,,"Huang Yuting
Sheng Lihao",Field hockey,Women's tournament,8/9/2024
China,,"Huang Yuting
Sheng Lihao",Swimming,Women's 4 × 100 m freestyle relay,7/27/2024
China,,"Huang Yuting
Sheng Lihao",Swimming,Women's 4 × 200 m freestyle relay,8/1/2024
China,,"Huang Yuting
Sheng Lihao",Swimming,Women's 4 × 100 m medley relay,8/4/2024
China,,"Huang Yuting
Sheng Lihao",Shooting,Mixed skeet team,8/5/2024
China,,Li Fabin,Weightlifting,Men's 61 kg,8/7/2024
China,,Li Qian,Boxing,Women's 75 kg,8/10/2024
China,,Li Wenwen,Weightlifting,Women's +81 kg,8/11/2024
China,,Li Yuehong,Shooting,Men's 25 m rapid fire pistol,8/5/2024
China,,Liang Yushuai,Taekwondo,Men's 68 kg,8/8/2024
China,,Lin Xiyu,Golf,Women's individual,8/10/2024
China,,Liu HaoJi Bowen,Canoeing,Men's C-2 500 m,8/8/2024
China,,Liu Huanhua,Weightlifting,Men's 102 kg,8/10/2024
China,,Liu Qingyi,Breaking,B-Girls,8/9/2024
China,,Liu Yang,Gymnastics,Men's rings,8/4/2024
China,,Liu Yukun,Shooting,Men's 50 m rifle three positions,8/1/2024
China,,Luo Shifang,Weightlifting,Women's 59 kg,8/8/2024
China,,Ma Zhenzhao,Judo,Women's 78 kg,8/1/2024
China,,Meng Lingzhe,Wrestling,Men's Greco-Roman 130 kg,8/6/2024
China,,Pan Zhanle,Swimming,Men's 100 m freestyle,7/31/2024
China,,Pang Qianyu,Wrestling,Women's freestyle 53 kg,8/8/2024
China,,Qi Ying,Shooting,Men's trap,7/30/2024
China,,Qiu Qiyuan,Gymnastics,Women's uneven bars,8/4/2024
China,,Quan Hongchan,Diving,Women's 10 m platform,8/6/2024
China,,Sheng Lihao,Shooting,Men's 10 m air rifle,7/29/2024
China,,Song Jiayuan,Athletics,Women's shot put,8/9/2024
China,,Sun Yingsha,Table tennis,Women's singles,8/3/2024
China,,Tang Qianting,Swimming,Women's 100 m breaststroke,7/29/2024
China,,Wang Shun,Swimming,Men's 200 m individual medley,8/2/2024
China,,Wang Xinjie,Shooting,Men's 25 m rapid fire pistol,8/5/2024
China,,Wang Zisai,Gymnastics,Men's trampoline,8/2/2024
China,,Wang Zongyuan,Diving,Men's 3 m springboard,8/8/2024
China,,Wu Peng,Sport climbing,Men's speed,8/8/2024
China,,Wu Yu,Boxing,Women's 50 kg,8/9/2024
China,,Xiao Ruoteng,Gymnastics,Men's artistic individual all-around,7/31/2024
China,,Xie Siyi,Diving,Men's 3 m springboard,8/8/2024
China,,Xie Yu,Shooting,Men's 10 m air pistol,7/28/2024
China,,Xu Jiayu,Swimming,Men's 100 m backstroke,7/29/2024
China,,Yan Langyu,Gymnastics,Men's trampoline,8/2/2024
China,,Yang Jiayu,Athletics,Women's 20 km walk,8/1/2024
China,,Yang Liu,Boxing,Women's 66 kg,8/9/2024
China,,Yang Wenlu,Boxing,Women's 60 kg,8/6/2024
China,,Zhang Boheng,Gymnastics,Men's artistic individual all-around,7/31/2024
China,,Zhang Boheng,Gymnastics,Men's horizontal bar,8/5/2024
China,,Zhang Qiongyue,Shooting,Women's 50 m rifle three positions,8/2/2024
China,,Zhang Yufei,Swimming,Women's 100 m butterfly,7/28/2024
China,,Zhang Yufei,Swimming,Women's 200 m butterfly,8/1/2024
China,,Zhang Yufei,Swimming,Women's 50 m freestyle,8/4/2024
China,,Zhao Jie,Athletics,Women's hammer throw,8/6/2024
China,,Zheng Qinwen,Tennis,Women's singles,8/3/2024
China,,Zhou Yaqin,Gymnastics,Women's balance beam,8/5/2024
China,,Zou Jingyuan,Gymnastics,Men's parallel bars,8/5/2024
China,,Zou Jingyuan,Gymnastics,Men's rings,8/4/2024
Column1,Medal,Name,Sport,Event,Date
France,Gold,Althéa Laurin,Taekwondo,Women's +67 kg,8/10/2024
France,Bronze,Amandine Buchard,Judo,Women's 52 kg,7/28/2024
France,Silver,Anastasiya Kirpichnikova,Swimming,Women's 1500 m freestyle,7/31/2024
France,Silver,Angèle Hug,Canoeing,Women's KX-1,8/5/2024
France,Bronze,Anthony Jeanjean,Cycling,Men's BMX freestyle,7/31/2024
France,Silver,Auriane Mallo,Fencing,Women's épée,7/27/2024
France,Gold,Benjamin Thomas,Cycling,Men's omnium,8/8/2024
France,Silver,Billal Bennama,Boxing,Men's 51 kg,8/8/2024
France,Silver,Camille Jedrzejewski,Shooting,Women's 25 m pistol,8/3/2024
France,Gold,Cassandre Beaugrand,Triathlon,Women's triathlon,7/31/2024
France,Bronze,Christophe Laporte,Cycling,Men's individual road race,8/3/2024
France,Bronze,Clarisse Agbegnenou,Judo,Women's 63 kg,7/30/2024
France,Silver,Cyréna Samba-Mayela,Athletics,Women's 100 m hurdles,8/10/2024
France,Bronze,Cyrian Ravet,Taekwondo,Men's 58 kg,8/7/2024
France,Silver,Danis Civil,Breaking,B-Boys,8/10/2024
France,Bronze,Djamili-Dini Aboudou Moindze,Boxing,Men's +92 kg,8/7/2024
France,Silver,Élodie Clouvel,Modern pentathlon,Women's individual,8/11/2024
France,Bronze,Félix Lebrun,Table tennis,Men's singles,8/4/2024
France,Bronze,Florent Manaudou,Swimming,Men's 50 m freestyle,8/2/2024
France,Gold,"France national rugby sevens team
Jean-Pascal Barraque
Antoine Dupont
Théo Forner
Aaron Grandidier Nkanang
Jefferson Lee Joseph
Stephen Parez
Varian Pasquet
Rayan Rebbadj
Paulin Riva
Jordan Sepho
Andy Timo
Antoine Zeghdar",Rugby sevens,Men's tournament,7/27/2024
France,Gold,"France national rugby sevens team
Jean-Pascal Barraque
Antoine Dupont
Théo Forner
Aaron Grandidier Nkanang
Jefferson Lee Joseph
Stephen Parez
Varian Pasquet
Rayan Rebbadj
Paulin Riva
Jordan Sepho
Andy Timo
Antoine Zeghdar",Judo,Mixed team,8/3/2024
France,Gold,"France national rugby sevens team
Jean-Pascal Barraque
Antoine Dupont
Théo Forner
Aaron Grandidier Nkanang
Jefferson Lee Joseph
Stephen Parez
Varian Pasquet
Rayan Rebbadj
Paulin Riva
Jordan Sepho
Andy Timo
Antoine Zeghdar",Volleyball,Men's tournament,8/10/2024
France,Silver,"France national rugby sevens team
Jean-Pascal Barraque
Antoine Dupont
Théo Forner
Aaron Grandidier Nkanang
Jefferson Lee Joseph
Stephen Parez
Varian Pasquet
Rayan Rebbadj
Paulin Riva
Jordan Sepho
Andy Timo
Antoine Zeghdar",Equestrian,Team eventing,7/29/2024
France,Silver,"France national rugby sevens team
Jean-Pascal Barraque
Antoine Dupont
Théo Forner
Aaron Grandidier Nkanang
Jefferson Lee Joseph
Stephen Parez
Varian Pasquet
Rayan Rebbadj
Paulin Riva
Jordan Sepho
Andy Timo
Antoine Zeghdar",Archery,Men's Team,7/29/2024
France,Silver,"France national rugby sevens team
Jean-Pascal Barraque
Antoine Dupont
Théo Forner
Aaron Grandidier Nkanang
Jefferson Lee Joseph
Stephen Parez
Varian Pasquet
Rayan Rebbadj
Paulin Riva
Jordan Sepho
Andy Timo
Antoine Zeghdar",Fencing,Women's Team épée,7/30/2024
France,Silver,"France national rugby sevens team
Jean-Pascal Barraque
Antoine Dupont
Théo Forner
Aaron Grandidier Nkanang
Jefferson Lee Joseph
Stephen Parez
Varian Pasquet
Rayan Rebbadj
Paulin Riva
Jordan Sepho
Andy Timo
Antoine Zeghdar",Basketball,Men's 3x3,8/5/2024
France,Silver,"France national rugby sevens team
Jean-Pascal Barraque
Antoine Dupont
Théo Forner
Aaron Grandidier Nkanang
Jefferson Lee Joseph
Stephen Parez
Varian Pasquet
Rayan Rebbadj
Paulin Riva
Jordan Sepho
Andy Timo
Antoine Zeghdar",Football,Men's tournament,8/9/2024
France,Silver,"France national rugby sevens team
Jean-Pascal Barraque
Antoine Dupont
Théo Forner
Aaron Grandidier Nkanang
Jefferson Lee Joseph
Stephen Parez
Varian Pasquet
Rayan Rebbadj
Paulin Riva
Jordan Sepho
Andy Timo
Antoine Zeghdar",Handball,Women's tournament,8/10/2024
France,Silver,"France national rugby sevens team
Jean-Pascal Barraque
Antoine Dupont
Théo Forner
Aaron Grandidier Nkanang
Jefferson Lee Joseph
Stephen Parez
Varian Pasquet
Rayan Rebbadj
Paulin Riva
Jordan Sepho
Andy Timo
Antoine Zeghdar",Basketball,Men's tournament,8/10/2024
France,Silver,"France national rugby sevens team
Jean-Pascal Barraque
Antoine Dupont
Théo Forner
Aaron Grandidier Nkanang
Jefferson Lee Joseph
Stephen Parez
Varian Pasquet
Rayan Rebbadj
Paulin Riva
Jordan Sepho
Andy Timo
Antoine Zeghdar",Basketball,Women's tournament,8/11/2024
France,Bronze,"France national rugby sevens team
Jean-Pascal Barraque
Antoine Dupont
Théo Forner
Aaron Grandidier Nkanang
Jefferson Lee Joseph
Stephen Parez
Varian Pasquet
Rayan Rebbadj
Paulin Riva
Jordan Sepho
Andy Timo
Antoine Zeghdar",Fencing,Men's Team sabre,7/31/2024
France,Bronze,"France national rugby sevens team
Jean-Pascal Barraque
Antoine Dupont
Théo Forner
Aaron Grandidier Nkanang
Jefferson Lee Joseph
Stephen Parez
Varian Pasquet
Rayan Rebbadj
Paulin Riva
Jordan Sepho
Andy Timo
Antoine Zeghdar",Sailing,49er FX,8/2/2024
France,Bronze,"France national rugby sevens team
Jean-Pascal Barraque
Antoine Dupont
Théo Forner
Aaron Grandidier Nkanang
Jefferson Lee Joseph
Stephen Parez
Varian Pasquet
Rayan Rebbadj
Paulin Riva
Jordan Sepho
Andy Timo
Antoine Zeghdar",Equestrian,Team jumping,8/2/2024
France,Bronze,"France national rugby sevens team
Jean-Pascal Barraque
Antoine Dupont
Théo Forner
Aaron Grandidier Nkanang
Jefferson Lee Joseph
Stephen Parez
Varian Pasquet
Rayan Rebbadj
Paulin Riva
Jordan Sepho
Andy Timo
Antoine Zeghdar",Fencing,Men's team foil,8/4/2024
France,Bronze,"France national rugby sevens team
Jean-Pascal Barraque
Antoine Dupont
Théo Forner
Aaron Grandidier Nkanang
Jefferson Lee Joseph
Stephen Parez
Varian Pasquet
Rayan Rebbadj
Paulin Riva
Jordan Sepho
Andy Timo
Antoine Zeghdar",Swimming,Men's 4 × 100 m medley relay,8/4/2024
France,Bronze,"France national rugby sevens team
Jean-Pascal Barraque
Antoine Dupont
Théo Forner
Aaron Grandidier Nkanang
Jefferson Lee Joseph
Stephen Parez
Varian Pasquet
Rayan Rebbadj
Paulin Riva
Jordan Sepho
Andy Timo
Antoine Zeghdar",Table tennis,Men's team,8/9/2024
France,Silver,Joan-Benjamin Gaba,Judo,Men's 73 kg,7/29/2024
France,Bronze,Johanne Defay,Surfing,Women's shortboard,8/5/2024
France,Gold,Joris Daudet,Cycling,Men's BMX racing,8/2/2024
France,Gold,Kauli Vaast,Surfing,Men's shortboard,8/5/2024
France,Silver,Lauriane Nolot,Sailing,Women's Formula Kite,8/8/2024
France,Bronze,Léo Bergère,Triathlon,Men's triathlon,7/31/2024
France,Gold,Léon Marchand,Swimming,Men's 400 m individual medley,7/28/2024
France,Gold,Léon Marchand,Swimming,Men's 200 m butterfly,7/31/2024
France,Gold,Léon Marchand,Swimming,Men's 200 m breaststroke,7/31/2024
France,Gold,Léon Marchand,Swimming,Men's 200 m individual medley,8/2/2024
France,Bronze,Lisa Barbelin,Archery,Women's individual,8/3/2024
France,Silver,Luka Mkheidze,Judo,Men's –60 kg,7/27/2024
France,Gold,Manon Brunet,Fencing,Women's sabre,7/29/2024
France,Bronze,Maxime-Gaël Ngayap Hambou,Judo,Men's 90 kg,7/31/2024
France,Gold,Nicolas Gestin,Canoeing,Men's slalom C-1,7/29/2024
France,Gold,Pauline Ferrand-Prévot,Cycling,Women's cross-country,7/28/2024
France,Bronze,Romain Mahieu,Cycling,Men's BMX racing,8/2/2024
France,Bronze,Romane Dicko,Judo,Women's +78 kg,8/2/2024
France,Silver,Sara Balzer,Fencing,Women's sabre,7/29/2024
France,Bronze,Sarah-Léonie Cysique,Judo,Women's 57 kg,7/29/2024
France,Bronze,Shirine Boukli,Judo,Women's 48 kg,7/27/2024
France,Silver,Sofiane Oumiha,Boxing,Men's 63.5 kg,8/7/2024
France,Silver,Sylvain André,Cycling,Men's BMX racing,8/2/2024
France,Gold,Teddy Riner,Judo,Men's +100 kg,8/2/2024
France,Silver,Titouan Castryck,Canoeing,Men's slalom K-1,8/1/2024
France,Silver,Valentin Madouas,Cycling,Men's individual road race,8/3/2024
France,Silver,Victor Koretzky,Cycling,Men's cross-country,7/29/2024
France,Silver,Yannick Borel,Fencing,Men's épée,7/28/2024
Georgia,Gold,Geno Petriashvili,Wrestling,Men's freestyle 125 kg,8/10/2024
Georgia,Silver,Givi Matcharashvili,Wrestling,Men's freestyle 97 kg,8/11/2024
Georgia,Silver,Ilia Sulamanidze,Judo,Men's 100 kg,8/1/2024
Georgia,Gold,Lasha Bekauri,Judo,Men's 90 kg,7/31/2024
Georgia,Bronze,Lasha Guruli,Boxing,Men's lightweight,8/4/2024
Georgia,Gold,Lasha Talakhadze,Weightlifting,Men's +102 kg,8/11/2024
Georgia,Silver,Tato Grigalashvili,Judo,Men's 81 kg,7/30/2024
Iran,Silver,Alireza Mohmadi,Wrestling,Men's Greco-Roman 87 kg,8/8/2024
Iran,Bronze,Amin Mirzazadeh,Wrestling,Men's Greco-Roman 130 kg,8/6/2024
Iran,Bronze,Amir Ali Azarpira,Wrestling,Men's freestyle 97 kg,8/11/2024
Iran,Silver,Amir Hossein Zare,Wrestling,Men's freestyle 125 kg,8/10/2024
Iran,Gold,Arian Salimi,Taekwondo,Men's +80 kg,8/10/2024
Iran,Silver,Hassan Yazdani,Wrestling,Men's freestyle 86 kg,8/9/2024
Iran,Silver,Mehran Barkhordari,Taekwondo,Men's 80 kg,8/9/2024
Iran,Bronze,Mobina Nematzadeh,Taekwondo,Women's 49 kg,8/7/2024
Iran,Gold,Mohammad Hadi Saravi,Wrestling,Men's Greco-Roman 97 kg,8/7/2024
Iran,Silver,Nahid Kiani,Taekwondo,Women's 57 kg,8/8/2024
Iran,Silver,Rahman Amouzad,Wrestling,Men's freestyle 65 kg,8/11/2024
Iran,Gold,Saeid Esmaeili,Wrestling,Men's Greco-Roman 67 kg,8/8/2024
Japon,,Akari Fujinami,Wrestling,Women's freestyle 53 kg,8/8/2024
Japon,,Ami Yuasa,Breaking,B-Girls,8/9/2024
Japon,,Coco Yoshizawa,Skateboarding,Women's street,7/28/2024
Japon,,Daichi Takatani,Wrestling,Men's freestyle 74 kg,8/10/2024
Japon,,Haruka Funakubo,Judo,Women's 57 kg,7/29/2024
Japon,,Haruka Kitaguchi,Athletics,Women's javelin throw,8/10/2024
Japon,,Hideki Matsuyama,Golf,Men's individual,8/4/2024
Japon,,Hifumi Abe,Judo,Men's –66 kg,7/28/2024
Japon,,Hina Hayata,Table tennis,Women's singles,8/3/2024
Japon,,Kenichiro Fumita,Wrestling,Men's Greco-Roman 60 kg,8/6/2024
Japon,,Koki Kano,Fencing,Men's épée,7/28/2024
Japon,,Kokona Hiraki,Skateboarding,Women's park,8/6/2024
Japon,,Kotaro Kiyooka,Wrestling,Men's freestyle 65 kg,8/11/2024
Japon,,Liz Akama,Skateboarding,Women's street,7/28/2024
Japon,,Nao Kusaka,Wrestling,Men's Greco-Roman 77 kg,8/7/2024
Japon,,Natsumi Tsunoda,Judo,Women's –48 kg,7/27/2024
Japon,,Nonoka Ozaki,Wrestling,Women's freestyle 68 kg,8/6/2024
Japon,,Rei Higuchi,Wrestling,Men's freestyle 57 kg,8/9/2024
Japon,,Rikuto Tamai,Diving,Men's 10 m platform,8/10/2024
Japon,,Ryuju Nagayama,Judo,Men's –60 kg,7/27/2024
Japon,,Sakura Motoki,Wrestling,Women's freestyle 62 kg,8/10/2024
Japon,,Sanshiro Murao,Judo,Men's 90 kg,7/31/2024
Japon,,Shinnosuke Oka,Gymnastics,Men's artistic individual all-around,7/31/2024
Japon,,Shinnosuke Oka,Gymnastics,Men's horizontal bar,8/5/2024
Japon,,Shinnosuke Oka,Gymnastics,Men's parallel bars,8/5/2024
Japon,,Soichi Hashimoto,Judo,Men's 73 kg,7/29/2024
Japon,,Sorato Anraku,Sport climbing,Men's combined,8/9/2024
Japon,,Taishu Sato,Modern pentathlon,Men's,8/10/2024
Japon,,"Takaaki Sugino
Shinnosuke Oka
Daiki Hashimoto
Kazuma Kaya
Wataru Tanigawa",Gymnastics,Men's artistic team all-around,7/29/2024
Japon,,"Takaaki Sugino
Shinnosuke Oka
Daiki Hashimoto
Kazuma Kaya
Wataru Tanigawa",Fencing,Men's team foil,8/4/2024
Japon,,"Takaaki Sugino
Shinnosuke Oka
Daiki Hashimoto
Kazuma Kaya
Wataru Tanigawa",Fencing,Men's team épée,8/2/2024
Japon,,"Takaaki Sugino
Shinnosuke Oka
Daiki Hashimoto
Kazuma Kaya
Wataru Tanigawa",Judo,Mixed team,8/3/2024
Japon,,"Takaaki Sugino
Shinnosuke Oka
Daiki Hashimoto
Kazuma Kaya
Wataru Tanigawa",Sailing,Mixed 470,8/8/2024
Japon,,"Takaaki Sugino
Shinnosuke Oka
Daiki Hashimoto
Kazuma Kaya
Wataru Tanigawa",Table tennis,Women's team,8/10/2024
Japon,,"Takaaki Sugino
Shinnosuke Oka
Daiki Hashimoto
Kazuma Kaya
Wataru Tanigawa",Equestrian,Team eventing,7/29/2024
Japon,,"Takaaki Sugino
Shinnosuke Oka
Daiki Hashimoto
Kazuma Kaya
Wataru Tanigawa",Fencing,Women's team foil,8/1/2024
Japon,,"Takaaki Sugino
Shinnosuke Oka
Daiki Hashimoto
Kazuma Kaya
Wataru Tanigawa",Badminton,Mixed doubles,8/2/2024
Japon,,"Takaaki Sugino
Shinnosuke Oka
Daiki Hashimoto
Kazuma Kaya
Wataru Tanigawa",Badminton,Women's doubles,8/3/2024
Japon,,"Takaaki Sugino
Shinnosuke Oka
Daiki Hashimoto
Kazuma Kaya
Wataru Tanigawa",Fencing,Women's team sabre,8/3/2024
Japon,,Takanori Nagase,Judo,Men's 81 kg,7/30/2024
Japon,,Tomoyuki Matsushita,Swimming,Men's 400 m individual medley,7/28/2024
Japon,,Tsugumi Sakurai,Wrestling,Women's freestyle 57 kg,8/9/2024
Japon,,Yui Susaki,Wrestling,Women's freestyle 50 kg,8/7/2024
Japon,,Yuka Kagami,Wrestling,Women's freestyle 76 kg,8/11/2024
Japon,,Yuto Horigome,Skateboarding,Men's street,7/29/2024
Kenya,Bronze,Abraham Kibiwot,Athletics,Men's 3000 m steeplechase,8/7/2024
Kenya,Gold,Beatrice Chebet,Athletics,Women's 5000 m,8/5/2024
Kenya,Gold,Beatrice Chebet,Athletics,Women's 10000 m,8/9/2024
Kenya,Bronze,Benson Kipruto,Athletics,Men's marathon,8/10/2024
Kenya,Gold,Emmanuel Wanyonyi,Athletics,Men's 800 m,8/10/2024
Kenya,Bronze,Faith Cherotich,Athletics,Women's 3000 m steeplechase,8/6/2024
Kenya,Gold,Faith Kipyegon,Athletics,Women's 1500 m,8/10/2024
Kenya,Silver,Faith Kipyegon,Athletics,Women's 5000 m,8/5/2024
Kenya,Bronze,Hellen Obiri,Athletics,Women's marathon,8/11/2024
Kenya,Bronze,Mary Moraa,Athletics,Women's 800 m,8/5/2024
Kenya,Silver,Ronald Kwemoi,Athletics,Men's 5000 m,8/10/2024
USA,Bronze,Aaron Brooks,Wrestling,Men's freestyle 86 kg,8/9/2024
USA,Gold,Amit Elor,Wrestling,Women's freestyle 68 kg,8/6/2024
USA,Silver,Anna Cockrell,Athletics,Women's 400 m hurdles,8/8/2024
USA,Silver,Annette Echikunwoke,Athletics,Women's hammer throw,8/6/2024
USA,Bronze,Austen Smith,Shooting,Women's skeet,8/4/2024
USA,Gold,Bobby Finke,Swimming,Men's 1500 m freestyle,8/4/2024
USA,Silver,Bobby Finke,Swimming,Men's 800 m freestyle,7/30/2024
USA,Silver,Brady Ellison,Archery,Men's individual,8/4/2024
USA,Bronze,Brittany Brown,Athletics,Women's 200 m,8/6/2024
USA,Silver,Brooke Raboutou,Sport climbing,Women's combined,8/10/2024
USA,Gold,Caroline Marks,Surfing,Women's shortboard,8/5/2024
USA,Bronze,Carson Foster,Swimming,Men's 400 m individual medley,7/28/2024
USA,Bronze,Chloé Dygert,Cycling,Women's road time trial,7/27/2024
USA,Gold,Cole Hocker,Athletics,Men's 1500 m,8/6/2024
USA,Silver,Conner Prince,Shooting,Men's skeet,8/3/2024
USA,Silver,Daniel Roberts,Athletics,Men's 110 m hurdles,8/8/2024
USA,Bronze,Emma Weyant,Swimming,Women's 400 m individual medley,7/29/2024
USA,Bronze,Evy Leibfarth,Canoeing,Women's slalom C-1,7/31/2024
USA,Bronze,Fred Kerley,Athletics,Men's 100 m,8/4/2024
USA,Gold,Gabby Thomas,Athletics,Women's 200 m,8/6/2024
USA,Bronze,Grant Fisher,Athletics,"Men's 10,000 m",8/2/2024
USA,Bronze,Grant Fisher,Athletics,Men's 5000 m,8/10/2024
USA,Gold,Grant Holloway,Athletics,Men's 110 m hurdles,8/8/2024
USA,Silver,Gretchen Walsh,Swimming,Women's 100 m butterfly,7/28/2024
USA,Silver,Haley Batten,Cycling,Women's cross-country,7/28/2024
USA,Bronze,Hampton Morris,Weightlifting,Men's 61 kg,8/7/2024
USA,Bronze,Helen Maroulis,Wrestling,Women's freestyle 57 kg,8/9/2024
USA,Gold,"Jack Alexy
Hunter Armstrong
Caeleb Dressel
Chris Guiliano
Ryan Held
Matt King",Swimming,Men's 4 × 100 m freestyle relay,7/27/2024
USA,Gold,"Jack Alexy
Hunter Armstrong
Caeleb Dressel
Chris Guiliano
Ryan Held
Matt King",Gymnastics,Women's artistic team all-around,7/30/2024
USA,Gold,"Jack Alexy
Hunter Armstrong
Caeleb Dressel
Chris Guiliano
Ryan Held
Matt King",Fencing,Women's team foil,8/1/2024
USA,Gold,"Jack Alexy
Hunter Armstrong
Caeleb Dressel
Chris Guiliano
Ryan Held
Matt King",Rowing,Men's four,8/1/2024
USA,Gold,"Jack Alexy
Hunter Armstrong
Caeleb Dressel
Chris Guiliano
Ryan Held
Matt King",Swimming,Mixed 4 × 100 m medley relay,8/3/2024
USA,Gold,"Jack Alexy
Hunter Armstrong
Caeleb Dressel
Chris Guiliano
Ryan Held
Matt King",Swimming,Women's 4 × 100 m medley relay,8/4/2024
USA,Gold,"Jack Alexy
Hunter Armstrong
Caeleb Dressel
Chris Guiliano
Ryan Held
Matt King",Cycling,Women's team pursuit,8/7/2024
USA,Gold,"Jack Alexy
Hunter Armstrong
Caeleb Dressel
Chris Guiliano
Ryan Held
Matt King",Athletics,Women's 4 x 100 m relay,8/9/2024
USA,Gold,"Jack Alexy
Hunter Armstrong
Caeleb Dressel
Chris Guiliano
Ryan Held
Matt King",Athletics,Men's 4 × 400 m relay,8/10/2024
USA,Gold,"Jack Alexy
Hunter Armstrong
Caeleb Dressel
Chris Guiliano
Ryan Held
Matt King",Athletics,Women's 4 × 400 m relay,8/10/2024
USA,Gold,"Jack Alexy
Hunter Armstrong
Caeleb Dressel
Chris Guiliano
Ryan Held
Matt King",Basketball,Men's tournament,8/10/2024
USA,Gold,"Jack Alexy
Hunter Armstrong
Caeleb Dressel
Chris Guiliano
Ryan Held
Matt King",Football,Women's tournament,8/10/2024
USA,Gold,"Jack Alexy
Hunter Armstrong
Caeleb Dressel
Chris Guiliano
Ryan Held
Matt King",Basketball,Women's tournament,8/11/2024
USA,Silver,"Jack Alexy
Hunter Armstrong
Caeleb Dressel
Chris Guiliano
Ryan Held
Matt King",Diving,Women's synchronized 3 m springboard,7/27/2024
USA,Silver,"Jack Alexy
Hunter Armstrong
Caeleb Dressel
Chris Guiliano
Ryan Held
Matt King",Swimming,Women's 4 × 100 m freestyle relay,7/27/2024
USA,Silver,"Jack Alexy
Hunter Armstrong
Caeleb Dressel
Chris Guiliano
Ryan Held
Matt King",Swimming,Men's 4 × 200 m freestyle relay,7/30/2024
USA,Silver,"Jack Alexy
Hunter Armstrong
Caeleb Dressel
Chris Guiliano
Ryan Held
Matt King",Swimming,Women's 4 × 200 m freestyle relay,8/1/2024
USA,Silver,"Jack Alexy
Hunter Armstrong
Caeleb Dressel
Chris Guiliano
Ryan Held
Matt King",Equestrian,Team jumping,8/2/2024
USA,Silver,"Jack Alexy
Hunter Armstrong
Caeleb Dressel
Chris Guiliano
Ryan Held
Matt King",Athletics,Mixed 4 × 400 m relay,8/3/2024
USA,Silver,"Jack Alexy
Hunter Armstrong
Caeleb Dressel
Chris Guiliano
Ryan Held
Matt King",Tennis,Men's doubles,8/3/2024
USA,Silver,"Jack Alexy
Hunter Armstrong
Caeleb Dressel
Chris Guiliano
Ryan Held
Matt King",Swimming,Men's 4 × 100 m medley relay,8/4/2024
USA,Silver,"Jack Alexy
Hunter Armstrong
Caeleb Dressel
Chris Guiliano
Ryan Held
Matt King",Shooting,Mixed skeet team,8/5/2024
USA,Silver,"Jack Alexy
Hunter Armstrong
Caeleb Dressel
Chris Guiliano
Ryan Held
Matt King",Triathlon,Mixed relay,8/5/2024
USA,Silver,"Jack Alexy
Hunter Armstrong
Caeleb Dressel
Chris Guiliano
Ryan Held
Matt King",Artistic swimming,Team,8/7/2024
USA,Silver,"Jack Alexy
Hunter Armstrong
Caeleb Dressel
Chris Guiliano
Ryan Held
Matt King",Volleyball,Women's tournament,8/11/2024
USA,Bronze,"Jack Alexy
Hunter Armstrong
Caeleb Dressel
Chris Guiliano
Ryan Held
Matt King",Gymnastics,Men's artistic team all-around,7/29/2024
USA,Bronze,"Jack Alexy
Hunter Armstrong
Caeleb Dressel
Chris Guiliano
Ryan Held
Matt King",Rugby sevens,Women's tournament,7/30/2024
USA,Bronze,"Jack Alexy
Hunter Armstrong
Caeleb Dressel
Chris Guiliano
Ryan Held
Matt King",Archery,Mixed team,8/2/2024
USA,Bronze,"Jack Alexy
Hunter Armstrong
Caeleb Dressel
Chris Guiliano
Ryan Held
Matt King",Sailing,49er,8/2/2024
USA,Bronze,"Jack Alexy
Hunter Armstrong
Caeleb Dressel
Chris Guiliano
Ryan Held
Matt King",Rowing,Men's eight,8/3/2024
USA,Bronze,"Jack Alexy
Hunter Armstrong
Caeleb Dressel
Chris Guiliano
Ryan Held
Matt King",Tennis,Men's doubles,8/3/2024
USA,Bronze,"Jack Alexy
Hunter Armstrong
Caeleb Dressel
Chris Guiliano
Ryan Held
Matt King",Basketball,Women's 3x3 tournament,8/5/2024
USA,Bronze,"Jack Alexy
Hunter Armstrong
Caeleb Dressel
Chris Guiliano
Ryan Held
Matt King",Volleyball,Men's tournament,8/9/2024
USA,Bronze,"Jack Alexy
Hunter Armstrong
Caeleb Dressel
Chris Guiliano
Ryan Held
Matt King",Water polo,Men's tournament,8/11/2024
USA,Bronze,Jade Carey,Gymnastics,Women's vault,8/3/2024
USA,Silver,Jagger Eaton,Skateboarding,Men's street,7/29/2024
USA,Bronze,Jasmine Moore,Athletics,Women's triple jump,8/3/2024
USA,Bronze,Jasmine Moore,Athletics,Women's long jump,8/8/2024
USA,Gold,Jennifer Valente,Cycling,Women's omnium,8/11/2024
USA,Silver,Joe Kovacs,Athletics,Men's shot put,8/3/2024
USA,Gold,Kate Douglass,Swimming,Women's 200 m breaststroke,8/1/2024
USA,Silver,Kate Douglass,Swimming,Women's 200 m individual medley,8/3/2024
USA,Bronze,Katharine Berkoff,Swimming,Women's 100 m backstroke,7/30/2024
USA,Silver,Katie Grimes,Swimming,Women's 400 m individual medley,7/29/2024
USA,Gold,Katie Ledecky,Swimming,Women's 1500 m freestyle,7/31/2024
USA,Gold,Katie Ledecky,Swimming,Women's 800 m freestyle,8/3/2024
USA,Bronze,Katie Ledecky,Swimming,Women's 400 m freestyle,7/27/2024
USA,Silver,Katie Moon,Athletics,Women's pole vault,8/7/2024
USA,Silver,Kennedy Blades,Wrestling,Women's freestyle 76 kg,8/11/2024
USA,Silver,Kenneth Rooks,Athletics,Men's 3000 m steeplechase,8/7/2024
USA,Silver,Kenny Bednarek,Athletics,Men's 200 m,8/8/2024
USA,Gold,Kristen Faulkner,Cycling,Women's individual road race,8/4/2024
USA,Bronze,Kristina Teachout,Taekwondo,Women's 67 kg,8/9/2024
USA,Bronze,Kyle Dake,Wrestling,Men's freestyle 74 kg,8/10/2024
USA,Silver,Lauren Scruggs,Fencing,Women's foil,7/28/2024
USA,Gold,Lee Kiefer,Fencing,Women's foil,7/28/2024
USA,Bronze,Luke Hobson,Swimming,Men's 200 m freestyle,7/29/2024
USA,Gold,Masai Russell,Athletics,Women's 100 m hurdles,8/10/2024
USA,Bronze,Melissa Jefferson,Athletics,Women's 100 m,8/3/2024
USA,Silver,Nevin Harrison,Canoeing,Women's C-1 200 m,8/10/2024
USA,Silver,Nic Fink,Swimming,Men's 100 m breaststroke,7/28/2024
USA,Bronze,Nick Itkin,Fencing,Men's foil,7/29/2024
USA,Gold,Noah Lyles,Athletics,Men's 100 m,8/4/2024
USA,Bronze,Noah Lyles,Athletics,Men's 200 m,8/8/2024
USA,Bronze,Nyjah Huston,Skateboarding,Men's street,7/29/2024
USA,Gold,Olivia Reeves,Weightlifting,Women's 71 kg,8/9/2024
USA,Bronze,Omari Jones,Boxing,Men's welterweight,8/6/2024
USA,Bronze,Paige Madden,Swimming,Women's 800 m freestyle,8/3/2024
USA,Silver,Perris Benegas,Cycling,Women's BMX freestyle,7/31/2024
USA,Gold,Quincy Hall,Athletics,Men's 400 m,8/7/2024
USA,Gold,Rai Benjamin,Athletics,Men's 400 m hurdles,8/9/2024
USA,Silver,Regan Smith,Swimming,Women's 100 m backstroke,7/30/2024
USA,Silver,Regan Smith,Swimming,Women's 200 m butterfly,8/1/2024
USA,Silver,Regan Smith,Swimming,Women's 200 m backstroke,8/2/2024
USA,Gold,Ryan Crouser,Athletics,Men's shot put,8/3/2024
USA,Bronze,Ryan Murphy,Swimming,Men's 100 m backstroke,7/29/2024
USA,Silver,Sagen Maddalena,Shooting,Women's 50 m rifle three positions,8/2/2024
USA,Silver,Sam Kendricks,Athletics,Men's pole vault,8/5/2024
USA,Bronze,Sam Watson,Sport climbing,Men's speed,8/8/2024
USA,Gold,Sarah Hildebrandt,Wrestling,Women's freestyle 50 kg,8/7/2024
USA,Gold,Scottie Scheffler,Golf,Men's individual,8/4/2024
USA,Silver,Sha'Carri Richardson,Athletics,Women's 100 m,8/3/2024
USA,Silver,Shelby McEwen,Athletics,Men's high jump,8/10/2024
USA,Gold,Simone Biles,Gymnastics,Women's artistic individual all-around,8/1/2024
USA,Gold,Simone Biles,Gymnastics,Women's vault,8/3/2024
USA,Silver,Simone Biles,Gymnastics,Women's floor,8/5/2024
USA,Silver,Spencer Lee,Wrestling,Men's freestyle 57 kg,8/9/2024
USA,Bronze,Stephen Nedoroscik,Gymnastics,Men's pommel horse,8/3/2024
USA,Bronze,Sunisa Lee,Gymnastics,Women's artistic individual all-around,8/1/2024
USA,Bronze,Sunisa Lee,Gymnastics,Women's uneven bars,8/4/2024
USA,Gold,Sydney McLaughlin-Levrone,Athletics,Women's 400 m hurdles,8/8/2024
USA,Gold,Tara Davis-Woodhall,Athletics,Women's long jump,8/8/2024
USA,Silver,Tom Schaar,Skateboarding,Men's park,8/7/2024
USA,Gold,Torri Huske,Swimming,Women's 100 m butterfly,7/28/2024
USA,Silver,Torri Huske,Swimming,Women's 100 m freestyle,7/31/2024
USA,Gold,Valarie Allman,Athletics,Women's discus throw,8/5/2024
USA,Bronze,Victor Montalvo,Breaking,B-Boys,8/10/2024
USA,Gold,Vincent Hancock,Shooting,Men's skeet,8/3/2024
USA,Bronze,Yared Nuguse,Athletics,Men's 1500 m,8/6/2024
Uzbekistan,Gold,Abdumalik Khalokov,Boxing,Men's featherweight,8/10/2024
Uzbekistan,Silver,Akbar Djuraev,Weightlifting,Men's 102 kg,8/10/2024
Uzbekistan,Bronze,Alisher Yusupov,Judo,Men's +100 kg,8/2/2024
Uzbekistan,Gold,Asadkhuja Muydinkhujaev,Boxing,Men's welterweight,8/9/2024
Uzbekistan,Gold,Bakhodir Jalolov,Boxing,Men's super heavyweight,8/10/2024
Uzbekistan,Gold,Diyora Keldiyorova,Judo,Women's 52 kg,7/28/2024
Uzbekistan,Bronze,Gulomjon Abdullaev,Wrestling,Men's freestyle 57 kg,8/9/2024
Uzbekistan,Gold,Hasanboy Dusmatov,Boxing,Men's flyweight,8/8/2024
Uzbekistan,Gold,Lazizbek Mullojonov,Boxing,Men's heavyweight,8/9/2024
Uzbekistan,Bronze,Muzaffarbek Turoboyev,Judo,Men's 100 kg,8/1/2024
Uzbekistan,Gold,Razambek Zhamalov,Wrestling,Men's freestyle 74 kg,8/10/2024
Uzbekistan,Silver,Svetlana Osipova,Taekwondo,Women's +67 kg,8/10/2024
Uzbekistan,Gold,Ulugbek Rashitov,Taekwondo,Men's 68 kg,8/8/2024
Country,Medal,Name,Sport,Event,Date
Netherlands,Gold,"Lennart van Lierop
Finn Florijn
Tone Wieten
Koen Metsemakers",Rowing,Men's quadruple sculls,7/31/2024
Netherlands,Gold,"Lennart van Lierop
Finn Florijn
Tone Wieten
Koen Metsemakers",Rowing,Women's coxless four,8/1/2024
Netherlands,Gold,"Lennart van Lierop
Finn Florijn
Tone Wieten
Koen Metsemakers",Rowing,Women's coxless pair,8/2/2024
Netherlands,Gold,"Lennart van Lierop
Finn Florijn
Tone Wieten
Koen Metsemakers",Sailing,Women's 49er FX,8/2/2024
Netherlands,Gold,Karolien Florijn,Rowing,Women's single sculls,8/3/2024
Netherlands,Gold,"Lennart van Lierop
Finn Florijn
Tone Wieten
Koen Metsemakers",Athletics,Mixed 4 × 400 metres relay,8/3/2024
Netherlands,Gold,"Lennart van Lierop
Finn Florijn
Tone Wieten
Koen Metsemakers",Basketball,Men's 3x3 tournament,8/5/2024
Netherlands,Gold,"Lennart van Lierop
Finn Florijn
Tone Wieten
Koen Metsemakers",Cycling,Men's team sprint,8/6/2024
Netherlands,Gold,Marit Bouwmeester,Sailing,ILCA 6,8/7/2024
Netherlands,Gold,Sharon van Rouwendaal,Swimming,10 km open water,8/8/2024
Netherlands,Gold,"Lennart van Lierop
Finn Florijn
Tone Wieten
Koen Metsemakers",Field hockey,Men's tournament,8/8/2024
Netherlands,Gold,Harrie Lavreysen,Cycling,Men's sprint,8/9/2024
Netherlands,Gold,"Lennart van Lierop
Finn Florijn
Tone Wieten
Koen Metsemakers",Field hockey,Women's tournament,8/9/2024
Netherlands,Gold,Sifan Hassan,Athletics,Women's marathon,8/11/2024
Netherlands,Gold,Harrie Lavreysen,Cycling,Men's keirin,8/11/2024
Netherlands,Silver,"Lennart van Lierop
Finn Florijn
Tone Wieten
Koen Metsemakers",Rowing,Women's quadruple sculls,7/31/2024
Netherlands,Silver,"Lennart van Lierop
Finn Florijn
Tone Wieten
Koen Metsemakers",Rowing,Men's double sculls,8/1/2024
Netherlands,Silver,Manon Veenstra,Cycling,Women's BMX,8/2/2024
Netherlands,Silver,"Lennart van Lierop
Finn Florijn
Tone Wieten
Koen Metsemakers",Rowing,Men's eight,8/3/2024
Netherlands,Silver,Marianne Vos,Cycling,Women's individual road race,8/4/2024
Netherlands,Silver,Hetty van de Wouw,Cycling,Women's keirin,8/8/2024
Netherlands,Silver,"Lennart van Lierop
Finn Florijn
Tone Wieten
Koen Metsemakers",Athletics,Women's 4 × 400 metres relay,8/10/2024
Netherlands,Bronze,Caspar Corbeau,Swimming,Men's 200 metre breaststroke,7/31/2024
Netherlands,Bronze,Tes Schouten,Swimming,Women's 200 metre breaststroke,8/1/2024
Netherlands,Bronze,Simon van Dorp,Rowing,Men's single sculls,8/3/2024
Netherlands,Bronze,Luuc van Opzeeland,Sailing,Men's IQFoil,8/3/2024
Netherlands,Bronze,Sifan Hassan,Athletics,Women's 5000 metres,8/5/2024
Netherlands,Bronze,Maikel van der Vleuten,Equestrian,Individual jumping,8/6/2024
Netherlands,Bronze,Annelous Lammerts,Sailing,Women's Formula Kite,8/8/2024
Netherlands,Bronze,Femke Bol,Athletics,Women's 400 metres hurdles,8/8/2024
Netherlands,Bronze,"Lennart van Lierop
Finn Florijn
Tone Wieten
Koen Metsemakers",Cycling,Women's madison,8/9/2024
Netherlands,Bronze,Sifan Hassan,Athletics,"Women's 10,000 metres",8/9/2024
Netherlands,Bronze,"Lennart van Lierop
Finn Florijn
Tone Wieten
Koen Metsemakers",Water polo,Women's tournament,8/10/2024
Netherlands,Bronze,"Lennart van Lierop
Finn Florijn
Tone Wieten
Koen Metsemakers",Artistic swimming,Women's duet,8/10/2024
Country,Medal,Name,Sport,Event,Date
Great Britain,Gold,"Lennart van Lierop
Finn Florijn
Tone Wieten
Koen Metsemakers",Equestrian,Team eventing,7/29/2024
Great Britain,Gold,Tom Pidcock,Cycling,Men's cross-country,7/29/2024
Great Britain,Gold,Nathan Hales,Shooting,Men's trap,7/30/2024
Great Britain,Gold,"Lennart van Lierop
Finn Florijn
Tone Wieten
Koen Metsemakers",Swimming,Men's 4 × 200 m freestyle relay,7/30/2024
Great Britain,Gold,Alex Yee,Triathlon,Men's triathlon,7/31/2024
Great Britain,Gold,"Lennart van Lierop
Finn Florijn
Tone Wieten
Koen Metsemakers",Rowing,Women's quadruple sculls,7/31/2024
Great Britain,Gold,"Lennart van Lierop
Finn Florijn
Tone Wieten
Koen Metsemakers",Rowing,Women's lightweight double sculls,8/2/2024
Great Britain,Gold,Bryony Page,Gymnastics,Women's trampoline,8/2/2024
Great Britain,Gold,"Lennart van Lierop
Finn Florijn
Tone Wieten
Koen Metsemakers",Equestrian,Team jumping,8/2/2024
Great Britain,Gold,"Lennart van Lierop
Finn Florijn
Tone Wieten
Koen Metsemakers",Rowing,Men's eight,8/3/2024
Great Britain,Gold,"Lennart van Lierop
Finn Florijn
Tone Wieten
Koen Metsemakers",Cycling,Women's team sprint,8/5/2024
Great Britain,Gold,Keely Hodgkinson,Athletics,Women's 800 m,8/5/2024
Great Britain,Gold,Ellie Aldridge,Sailing,Women's kite,8/8/2024
Great Britain,Gold,Toby Roberts,Sport climbing,Men's combined,8/9/2024
Great Britain,Silver,Anna Henderson,Cycling,Women's road time trial,7/27/2024
Great Britain,Silver,Adam Peaty,Swimming,Men's 100 m breaststroke,7/28/2024
Great Britain,Silver,"Lennart van Lierop
Finn Florijn
Tone Wieten
Koen Metsemakers",Diving,Men's synchronized 10 m platform,7/29/2024
Great Britain,Silver,Adam Burgess,Canoeing,Men's slalom C-1,7/29/2024
Great Britain,Silver,Matt Richards,Swimming,Men's 200 m freestyle,7/29/2024
Great Britain,Silver,Kieran Reilly,Cycling,Men's BMX freestyle,7/31/2024
Great Britain,Silver,"Lennart van Lierop
Finn Florijn
Tone Wieten
Koen Metsemakers",Rowing,Women's four,8/1/2024
Great Britain,Silver,"Lennart van Lierop
Finn Florijn
Tone Wieten
Koen Metsemakers",Rowing,Men's pair,8/2/2024
Great Britain,Silver,Ben Proud,Swimming,Men's 50 m freestyle,8/2/2024
Great Britain,Silver,Duncan Scott,Swimming,Men's 200 m individual medley,8/2/2024
Great Britain,Silver,Amber Rutter,Shooting,Women's skeet,8/4/2024
Great Britain,Silver,Tommy Fleetwood,Golf,Men's individual,8/4/2024
Great Britain,Silver,Joe Clarke,Canoeing,Men's KX-1,8/5/2024
Great Britain,Silver,"Lennart van Lierop
Finn Florijn
Tone Wieten
Koen Metsemakers",Cycling,Men's team sprint,8/6/2024
Great Britain,Silver,Josh Kerr,Athletics,Men's 1500 m,8/6/2024
Great Britain,Silver,Matthew Hudson-Smith,Athletics,Men's 400 m,8/7/2024
Great Britain,Silver,"Lennart van Lierop
Finn Florijn
Tone Wieten
Koen Metsemakers",Cycling,Men's team pursuit,8/7/2024
Great Britain,Silver,Elinor Barker Neah Evans,Cycling,Women's madison,8/9/2024
Great Britain,Silver,"Lennart van Lierop
Finn Florijn
Tone Wieten
Koen Metsemakers",Athletics,Women's 4 × 100 m relay,8/9/2024
Great Britain,Silver,Katarina Johnson-Thompson,Athletics,Women's heptathlon,8/9/2024
Great Britain,Silver,Kate Shortman Isabelle Thorpe,Artistic swimming,Women's duet,8/10/2024
Great Britain,Silver,Caden Cunningham,Taekwondo,Men's +80 kg,8/10/2024
Great Britain,Bronze,"Lennart van Lierop
Finn Florijn
Tone Wieten
Koen Metsemakers",Diving,Women's 3 m synchronized springboard,7/27/2024
Great Britain,Bronze,Kimberley Woods,Canoeing,Women's slalom K-1,7/28/2024
Great Britain,Bronze,Laura Collett,Equestrian,Individual eventing,7/29/2024
Great Britain,Bronze,Beth Potter,Triathlon,Women's triathlon,7/31/2024
Great Britain,Bronze,"Lennart van Lierop
Finn Florijn
Tone Wieten
Koen Metsemakers",Diving,Women's 10 m synchronized platform,7/31/2024
Great Britain,Bronze,"Lennart van Lierop
Finn Florijn
Tone Wieten
Koen Metsemakers",Rowing,Women's double sculls,8/1/2024
Great Britain,Bronze,"Lennart van Lierop
Finn Florijn
Tone Wieten
Koen Metsemakers",Rowing,Men's four,8/1/2024
Great Britain,Bronze,Anthony HardingJack Laugher,Diving,Men's 3 m synchronized springboard,8/2/2024
Great Britain,Bronze,"Lennart van Lierop
Finn Florijn
Tone Wieten
Koen Metsemakers",Rowing,Women's eight,8/3/2024
Great Britain,Bronze,Emma Wilson,Sailing,Women's iQFoil,8/3/2024
Great Britain,Bronze,"Lennart van Lierop
Finn Florijn
Tone Wieten
Koen Metsemakers",Equestrian,Team dressage,8/3/2024
Great Britain,Bronze,Jake Jarman,Gymnastics,Men's floor,8/3/2024
Great Britain,Bronze,"Lennart van Lierop
Finn Florijn
Tone Wieten
Koen Metsemakers",Athletics,Mixed 4 x 400 m relay,8/3/2024
Great Britain,Bronze,Lottie Fry,Equestrian,Individual dressage,8/4/2024
Great Britain,Bronze,Harry Hepworth,Gymnastics,Men's vault,8/4/2024
Great Britain,Bronze,"Lennart van Lierop
Finn Florijn
Tone Wieten
Koen Metsemakers",Triathlon,Mixed relay triathlon,8/5/2024
Great Britain,Bronze,Kimberley Woods,Canoeing,Women's KX-1,8/5/2024
Great Britain,Bronze,Sky Brown,Skateboarding,Women's park,8/6/2024
Great Britain,Bronze,Lewis Richardson,Boxing,Men's welterweight,8/6/2024
Great Britain,Bronze,"Lennart van Lierop
Finn Florijn
Tone Wieten
Koen Metsemakers",Cycling,Women's team pursuit,8/7/2024
Great Britain,Bronze,Emma Finucane,Cycling,Women's keirin,8/8/2024
Great Britain,Bronze,"Lennart van Lierop
Finn Florijn
Tone Wieten
Koen Metsemakers",Athletics,Men's 4 × 100 m relay,8/9/2024
Great Britain,Bronze,Jack Carlin,Cycling,Men's sprint,8/9/2024
Great Britain,Bronze,Noah Williams,Diving,Men's 10 m platform,8/10/2024
Great Britain,Bronze,Georgia Bell,Athletics,Women's 1500 m,8/10/2024
Great Britain,Bronze,"Lennart van Lierop
Finn Florijn
Tone Wieten
Koen Metsemakers",Athletics,Men's 4 × 400m relay,8/10/2024
Great Britain,Bronze,"Lennart van Lierop
Finn Florijn
Tone Wieten
Koen Metsemakers",Athletics,Women's 4 × 400m relay,8/10/2024
Great Britain,Bronze,Emma Finucane,Cycling,Women's sprint,8/11/2024
Great Britain,Bronze,Emily Campbell,Weightlifting,Women's +81 kg,8/11/2024
Country,Medal,Name,Sport,Event,Date
South Korea,Gold,Oh Sang-uk,Fencing,Men's individual sabre,7/27/2024
South Korea,Gold,Oh Ye-jin,Shooting,Women's 10 m air pistol,7/28/2024
South Korea,Gold,"Lennart van Lierop
Finn Florijn
Tone Wieten
Koen Metsemakers",Archery,Women's team,7/28/2024
South Korea,Gold,Ban Hyo-jin,Shooting,Women's 10 m air rifle,7/29/2024
South Korea,Gold,"Lennart van Lierop
Finn Florijn
Tone Wieten
Koen Metsemakers",Archery,Men's team,7/29/2024
South Korea,Gold,"Lennart van Lierop
Finn Florijn
Tone Wieten
Koen Metsemakers",Fencing,Men's team sabre,7/31/2024
South Korea,Gold,"Lennart van Lierop
Finn Florijn
Tone Wieten
Koen Metsemakers",Archery,Mixed team,8/2/2024
South Korea,Gold,Yang Ji-in,Shooting,Women's 25 m pistol,8/3/2024
South Korea,Gold,Lim Si-hyeon,Archery,Women's individual,8/3/2024
South Korea,Gold,Kim Woo-jin,Archery,Men's individual,8/4/2024
South Korea,Gold,An Se-young,Badminton,Women's singles,8/5/2024
South Korea,Gold,Park Tae-joon,Taekwondo,Men's 58 kg,8/7/2024
South Korea,Gold,Kim Yu-jin,Taekwondo,Women's 57 kg,8/8/2024
South Korea,Silver,"Lennart van Lierop
Finn Florijn
Tone Wieten
Koen Metsemakers",Shooting,Mixed 10 m air rifle team,7/27/2024
South Korea,Silver,Kim Ye-ji,Shooting,Women's 10 m air pistol,7/28/2024
South Korea,Silver,Huh Mi-mi,Judo,Women's ?57 kg,7/29/2024
South Korea,Silver,"Lennart van Lierop
Finn Florijn
Tone Wieten
Koen Metsemakers",Badminton,Mixed doubles,8/2/2024
South Korea,Silver,Kim Min-jong,Judo,Men's +100 kg,8/2/2024
South Korea,Silver,Nam Su-hyeon,Archery,Women's individual,8/3/2024
South Korea,Silver,"Lennart van Lierop
Finn Florijn
Tone Wieten
Koen Metsemakers",Fencing,Women's team sabre,8/3/2024
South Korea,Silver,Cho Yeong-jae,Shooting,Men's 25 m rapid fire pistol,8/5/2024
South Korea,Silver,Park Hye-jeong,Weightlifting,Women's +81 kg,8/11/2024
South Korea,Bronze,Kim Woo-min,Swimming,Men's 400 m freestyle,7/27/2024
South Korea,Bronze,"Lennart van Lierop
Finn Florijn
Tone Wieten
Koen Metsemakers",Table tennis,Mixed doubles,7/30/2024
South Korea,Bronze,Lee Joon-hwan,Judo,Men's 81 kg,7/30/2024
South Korea,Bronze,Kim Ha-yun,Judo,Women's +78 kg,8/2/2024
South Korea,Bronze,"Lennart van Lierop
Finn Florijn
Tone Wieten
Koen Metsemakers",Judo,Mixed team,8/3/2024
South Korea,Bronze,Lee Woo-seok,Archery,Men's individual,8/4/2024
South Korea,Bronze,Im Ae-ji,Boxing,Women's 54 kg,8/4/2024
South Korea,Bronze,"Lennart van Lierop
Finn Florijn
Tone Wieten
Koen Metsemakers",Table tennis,Women's team,8/10/2024
South Korea,Bronze,Lee Da-bin,Taekwondo,Women's +67 kg,8/10/2024
South Korea,Bronze,Seong Seung-min,Modern pentathlon,Women's,8/11/2024
Country,Medal,Name,Sport,Event,Date
Italy,Gold,Nicolò Martinenghi,Swimming,Men's 100 m breaststroke,7/28/2024
Italy,Gold,Thomas Ceccon,Swimming,Men's 100 m backstroke,7/29/2024
Italy,Gold,"Lennart van Lierop
Finn Florijn
Tone Wieten
Koen Metsemakers",Fencing,Women's team épée,7/30/2024
Italy,Gold,Giovanni De Gennaro,Canoeing,Men's slalom K-1,8/1/2024
Italy,Gold,Alice Bellandi,Judo,Women's 78 kg,8/1/2024
Italy,Gold,Marta Maggetti,Sailing,Women's IQFoil,8/3/2024
Italy,Gold,"Lennart van Lierop
Finn Florijn
Tone Wieten
Koen Metsemakers",Tennis,Women's doubles,8/4/2024
Italy,Gold,Alice D'Amato,Gymnastics,Women's balance beam,8/5/2024
Italy,Gold,"Lennart van Lierop
Finn Florijn
Tone Wieten
Koen Metsemakers",Shooting,Mixed skeet team,8/5/2024
Italy,Gold,"Lennart van Lierop
Finn Florijn
Tone Wieten
Koen Metsemakers",Sailing,Mixed Nacra 17,8/8/2024
Italy,Gold,"Lennart van Lierop
Finn Florijn
Tone Wieten
Koen Metsemakers",Cycling,Women's madison,8/9/2024
Italy,Gold,"Lennart van Lierop
Finn Florijn
Tone Wieten
Koen Metsemakers",Volleyball,Women's tournament,8/11/2024
Italy,Silver,Filippo Ganna,Cycling,Men's road time trial,7/27/2024
Italy,Silver,Federico Nilo Maldini,Shooting,Men's 10 m air pistol,7/28/2024
Italy,Silver,Filippo Macchi,Fencing,Men's foil,7/29/2024
Italy,Silver,"Lennart van Lierop
Finn Florijn
Tone Wieten
Koen Metsemakers",Gymnastics,Women's artistic team all-around,7/30/2024
Italy,Silver,"Lennart van Lierop
Finn Florijn
Tone Wieten
Koen Metsemakers",Rowing,Men's quadruple sculls,7/31/2024
Italy,Silver,Silvana Stanco,Shooting,Women's trap,7/31/2024
Italy,Silver,"Lennart van Lierop
Finn Florijn
Tone Wieten
Koen Metsemakers",Fencing,Women's team foil,8/1/2024
Italy,Silver,"Lennart van Lierop
Finn Florijn
Tone Wieten
Koen Metsemakers",Rowing,Men's lightweight double sculls,8/2/2024
Italy,Silver,Gregorio Paltrinieri,Swimming,Men's 1500 m freestyle,8/4/2024
Italy,Silver,"Lennart van Lierop
Finn Florijn
Tone Wieten
Koen Metsemakers",Fencing,Men's team foil,8/4/2024
Italy,Silver,"Lennart van Lierop
Finn Florijn
Tone Wieten
Koen Metsemakers",Canoeing,Men's C-2 500 m,8/8/2024
Italy,Silver,Nadia Battocletti,Athletics,"Women's 10,000 m",8/9/2024
Italy,Silver,"Lennart van Lierop
Finn Florijn
Tone Wieten
Koen Metsemakers",Cycling,Men's madison,8/10/2024
Italy,Bronze,Luigi Samele,Fencing,Men's sabre,7/27/2024
Italy,Bronze,"Lennart van Lierop
Finn Florijn
Tone Wieten
Koen Metsemakers",Swimming,Men's 4 × 100 m freestyle relay,7/27/2024
Italy,Bronze,Paolo Monna,Shooting,Men's 10 m air pistol,7/28/2024
Italy,Bronze,Gregorio Paltrinieri,Swimming,Men's 800 m freestyle,7/30/2024
Italy,Bronze,Lorenzo Musetti,Tennis,Men's singles,8/3/2024
Italy,Bronze,Manila Esposito,Gymnastics,Women's balance beam,8/5/2024
Italy,Bronze,Mattia Furlani,Athletics,Men's long jump,8/6/2024
Italy,Bronze,"Lennart van Lierop
Finn Florijn
Tone Wieten
Koen Metsemakers",Cycling,Men's team pursuit,8/7/2024
Italy,Bronze,Ginevra Taddeucci,Swimming,Women's 10 km open water,8/8/2024
Italy,Bronze,Antonino Pizzolato,Weightlifting,Men's 89 kg,8/9/2024
Italy,Bronze,Sofia Raffaeli,Gymnastics,Women's rhythmic individual all-around,8/9/2024
Italy,Bronze,Simone Alessio,Taekwondo,Men's 80 kg,8/9/2024
Italy,Bronze,Andy Díaz,Athletics,Men's triple jump,8/9/2024
Italy,Bronze,"Lennart van Lierop
Finn Florijn
Tone Wieten
Koen Metsemakers",Gymnastics,Women's rhythmic group all-around,8/10/2024
Italy,Bronze,Giorgio Malan,Modern pentathlon,Men's individual,8/10/2024
Country,Medal,Name,Sport,Event,Date
Germany,Gold,Lukas Märtens,Swimming,Men's 400 m freestyle,7/27/2024
Germany,Gold,Michael Jung,Equestrian,Individual eventing,7/29/2024
Germany,Gold,Oliver Zeidler,Rowing,Men's single sculls,8/3/2024
Germany,Gold,"Lennart van Lierop
Finn Florijn
Tone Wieten
Koen Metsemakers",Equestrian,Team dressage,8/3/2024
Germany,Gold,Jessica von Bredow-Werndl,Equestrian,Individual dressage,8/4/2024
Germany,Gold,"Lennart van Lierop
Finn Florijn
Tone Wieten
Koen Metsemakers",Triathlon,Mixed relay triathlon,8/5/2024
Germany,Gold,"Lennart van Lierop
Finn Florijn
Tone Wieten
Koen Metsemakers",Basketball,Women's 3x3 tournament,8/5/2024
Germany,Gold,Christian Kukuk,Equestrian,Individual jumping,8/6/2024
Germany,Gold,"Lennart van Lierop
Finn Florijn
Tone Wieten
Koen Metsemakers",Canoeing,Men's K-4 500 m,8/8/2024
Germany,Gold,Max LemkeJacob Schopf,Canoeing,Men's K-2 500 m,8/9/2024
Germany,Gold,Darja Varfolomeev,Gymnastics,Women's rhythmic individual all-around,8/9/2024
Germany,Gold,Yemisi Ogunleye,Athletics,Women's shot put,8/9/2024
Germany,Silver,Miriam Butkereit,Judo,Women's 70 kg,7/31/2024
Germany,Silver,Elena Lilik,Canoeing,Women's slalom C-1,7/31/2024
Germany,Silver,"Lennart van Lierop
Finn Florijn
Tone Wieten
Koen Metsemakers",Archery,Mixed team,8/2/2024
Germany,Silver,Leo Neugebauer,Athletics,Men's decathlon,8/3/2024
Germany,Silver,Isabell Werth,Equestrian,Individual dressage,8/4/2024
Germany,Silver,"Lennart van Lierop
Finn Florijn
Tone Wieten
Koen Metsemakers",Canoeing,Women's K-4 500 m,8/8/2024
Germany,Silver,"Lennart van Lierop
Finn Florijn
Tone Wieten
Koen Metsemakers",Field hockey,Men's tournament,8/8/2024
Germany,Silver,Malaika Mihambo,Athletics,Women's long jump,8/8/2024
Germany,Silver,Oliver Klemet,Swimming,Men's marathon 10 km,8/9/2024
Germany,Silver,Esther Henseleit,Golf,Women's individual,8/10/2024
Germany,Silver,"Lennart van Lierop
Finn Florijn
Tone Wieten
Koen Metsemakers",Volleyball,Men's beach,8/10/2024
Germany,Silver,Lea Sophie Friedrich,Cycling,Women's sprint,8/11/2024
Germany,Silver,"Lennart van Lierop
Finn Florijn
Tone Wieten
Koen Metsemakers",Handball,Men's tournament,8/11/2024
Germany,Bronze,"Lennart van Lierop
Finn Florijn
Tone Wieten
Koen Metsemakers",Rowing,Women's quadruple sculls,7/31/2024
Germany,Bronze,Isabel Gose,Swimming,Women's 1500 m freestyle,7/31/2024
Germany,Bronze,Noah Hegge,Canoeing,Men's slalom kayak cross,8/5/2024
Germany,Bronze,"Lennart van Lierop
Finn Florijn
Tone Wieten
Koen Metsemakers",Cycling,Women's team sprint,8/5/2024
Germany,Bronze,Nelvie Tiafack,Boxing,Men's +92 kg,8/7/2024
Germany,Bronze,"Lennart van Lierop
Finn Florijn
Tone Wieten
Koen Metsemakers",Canoeing,Women's K-2 500 m,8/9/2024
Germany,Bronze,"Lennart van Lierop
Finn Florijn
Tone Wieten
Koen Metsemakers",Football,Women's tournament,8/9/2024
Germany,Bronze,"Lennart van Lierop
Finn Florijn
Tone Wieten
Koen Metsemakers",Athletics,Women's 4 × 100 m relay,8/9/2024
